{
  "washing machine": {
    "compositionality": "medium",
    "comp_numeric": 2,
    "modifier": "washing",
    "head": "machine",
    "p_head_given_modifier": 0.4711132049560547,
    "p_head_baseline": 0.00011161911970702931,
    "p_head_control": 0.0002033231285167858,
    "priming_ratio": 4220.721379926686,
    "rank_after_modifier": 1,
    "rank_baseline": 1453,
    "top5_after_modifier": [
      [
        " machine",
        0.4711132049560547
      ],
      [
        " of",
        0.08367238193750381
      ],
      [
        "-",
        0.0823720172047615
      ],
      [
        " machines",
        0.0485592819750309
      ],
      [
        " up",
        0.03757043555378914
      ]
    ]
  },
  "coffee machine": {
    "compositionality": "high",
    "comp_numeric": 3,
    "modifier": "coffee",
    "head": "machine",
    "p_head_given_modifier": 0.007175598759204149,
    "p_head_baseline": 0.00011161911970702931,
    "p_head_control": 0.0002033231285167858,
    "priming_ratio": 64.28646613625156,
    "rank_after_modifier": 18,
    "rank_baseline": 1453,
    "top5_after_modifier": [
      [
        " is",
        0.08224868774414062
      ],
      [
        " shop",
        0.06538235396146774
      ],
      [
        " was",
        0.05581457167863846
      ],
      [
        "-",
        0.03515789285302162
      ],
      [
        " and",
        0.030623262748122215
      ]
    ]
  },
  "sewing machine": {
    "compositionality": "high",
    "comp_numeric": 3,
    "modifier": "sewing",
    "head": "machine",
    "p_head_given_modifier": 0.3740999400615692,
    "p_head_baseline": 0.00011161911970702931,
    "p_head_control": 0.0002033231285167858,
    "priming_ratio": 3351.5757967226646,
    "rank_after_modifier": 1,
    "rank_baseline": 1453,
    "top5_after_modifier": [
      [
        " machine",
        0.3740999400615692
      ],
      [
        " machines",
        0.06553381681442261
      ],
      [
        " process",
        0.03059813193976879
      ],
      [
        " is",
        0.02267061360180378
      ],
      [
        " kit",
        0.020883196964859962
      ]
    ]
  },
  "slot machine": {
    "compositionality": "medium",
    "comp_numeric": 2,
    "modifier": "slot",
    "head": "machine",
    "p_head_given_modifier": 0.06243044137954712,
    "p_head_baseline": 0.00011161911970702931,
    "p_head_control": 0.0002033231285167858,
    "priming_ratio": 559.3167330418886,
    "rank_after_modifier": 2,
    "rank_baseline": 1453,
    "top5_after_modifier": [
      [
        " is",
        0.14649604260921478
      ],
      [
        " machine",
        0.06243044137954712
      ],
      [
        " for",
        0.05422540754079819
      ],
      [
        " was",
        0.04909820854663849
      ],
      [
        " of",
        0.033495545387268066
      ]
    ]
  },
  "vending machine": {
    "compositionality": "high",
    "comp_numeric": 3,
    "modifier": "vending",
    "head": "machine",
    "p_head_given_modifier": 0.5416489243507385,
    "p_head_baseline": 0.00011161911970702931,
    "p_head_control": 0.0002033231285167858,
    "priming_ratio": 4852.653611428076,
    "rank_after_modifier": 1,
    "rank_baseline": 1453,
    "top5_after_modifier": [
      [
        " machine",
        0.5416489243507385
      ],
      [
        " machines",
        0.4060293138027191
      ],
      [
        " system",
        0.0018531547393649817
      ],
      [
        "-",
        0.0013671136694028974
      ],
      [
        " and",
        0.0013496935134753585
      ]
    ]
  },
  "time machine": {
    "compositionality": "medium",
    "comp_numeric": 2,
    "modifier": "time",
    "head": "machine",
    "p_head_given_modifier": 0.0008315889863297343,
    "p_head_baseline": 0.00011161911970702931,
    "p_head_control": 0.0002033231285167858,
    "priming_ratio": 7.45023781331044,
    "rank_after_modifier": 88,
    "rank_baseline": 1453,
    "top5_after_modifier": [
      [
        " has",
        0.09188827127218246
      ],
      [
        " to",
        0.08728618919849396
      ],
      [
        " is",
        0.08044931292533875
      ],
      [
        " of",
        0.06245497986674309
      ],
      [
        " for",
        0.06112794950604439
      ]
    ]
  },
  "war machine": {
    "compositionality": "low",
    "comp_numeric": 1,
    "modifier": "war",
    "head": "machine",
    "p_head_given_modifier": 0.0038745878264307976,
    "p_head_baseline": 0.00011161911970702931,
    "p_head_control": 0.0002033231285167858,
    "priming_ratio": 34.71258182827966,
    "rank_after_modifier": 28,
    "rank_baseline": 1453,
    "top5_after_modifier": [
      [
        " in",
        0.14969569444656372
      ],
      [
        " on",
        0.12321972846984863
      ],
      [
        " was",
        0.06595584005117416
      ],
      [
        " is",
        0.061702974140644073
      ],
      [
        " has",
        0.055554844439029694
      ]
    ]
  },
  "dish washer": {
    "compositionality": "high",
    "comp_numeric": 3,
    "modifier": "dish",
    "head": "washer",
    "p_head_given_modifier": 0.14080138504505157,
    "p_head_baseline": 0.0014187470078468323,
    "p_head_control": 0.0049284580163657665,
    "priming_ratio": 99.24347629725713,
    "rank_after_modifier": 2,
    "rank_baseline": 44,
    "top5_after_modifier": [
      [
        " is",
        0.2529074549674988
      ],
      [
        " was",
        0.14080138504505157
      ],
      [
        ",",
        0.052744053304195404
      ],
      [
        "washer",
        0.03445310518145561
      ],
      [
        " has",
        0.0265689417719841
      ]
    ]
  },
  "vacuum cleaner": {
    "compositionality": "high",
    "comp_numeric": 3,
    "modifier": "vacuum",
    "head": "cleaner",
    "p_head_given_modifier": 0.03571334481239319,
    "p_head_baseline": 6.843242772447411e-06,
    "p_head_control": 1.4065921050132602e-06,
    "priming_ratio": 5218.775074908047,
    "rank_after_modifier": 4,
    "rank_baseline": 16443,
    "top5_after_modifier": [
      [
        " of",
        0.2240794599056244
      ],
      [
        " is",
        0.08364059776067734
      ],
      [
        " was",
        0.04141109809279442
      ],
      [
        " cleaner",
        0.03571334481239319
      ],
      [
        "-",
        0.03367960453033447
      ]
    ]
  },
  "ice cream": {
    "compositionality": "medium",
    "comp_numeric": 2,
    "modifier": "ice",
    "head": "cream",
    "p_head_given_modifier": 0.07433291524648666,
    "p_head_baseline": 1.9785960830631666e-05,
    "p_head_control": 0.00013513687008526176,
    "priming_ratio": 3756.8514303034526,
    "rank_after_modifier": 3,
    "rank_baseline": 7132,
    "top5_after_modifier": [
      [
        " is",
        0.08085354417562485
      ],
      [
        "-",
        0.0790899395942688
      ],
      [
        " cream",
        0.07433291524648666
      ],
      [
        " was",
        0.054609205573797226
      ],
      [
        ",",
        0.023399239405989647
      ]
    ]
  },
  "hot dog": {
    "compositionality": "low",
    "comp_numeric": 1,
    "modifier": "hot",
    "head": "dog",
    "p_head_given_modifier": 0.030709732323884964,
    "p_head_baseline": 0.00012703382526524365,
    "p_head_control": 0.0005728225223720074,
    "priming_ratio": 241.7445295358442,
    "rank_after_modifier": 5,
    "rank_baseline": 1256,
    "top5_after_modifier": [
      [
        "-",
        0.05018126219511032
      ],
      [
        " spot",
        0.031707294285297394
      ],
      [
        " water",
        0.031612422317266464
      ],
      [
        " topic",
        0.03151802346110344
      ],
      [
        " dog",
        0.030709732323884964
      ]
    ]
  },
  "fire truck": {
    "compositionality": "high",
    "comp_numeric": 3,
    "modifier": "fire",
    "head": "truck",
    "p_head_given_modifier": 0.0015186009695753455,